Feature,Importance
ShapeFactor3,0.10535053537376209
Compactness,0.09163058465081649
Perimeter,0.09156068830837455
ShapeFactor1,0.08729079709919434
ConvexArea,0.08098070066000973
MajorAxisLength,0.07765557906151657
MinorAxisLength,0.0775417494082115
roundness,0.05980695506090525
EquivDiameter,0.05881530369968123
Area,0.05812299139954309
AspectRation,0.055193193447944974
Eccentricity,0.0547836180647857
ShapeFactor2,0.04177727765215585
ShapeFactor4,0.0300901468591812
Solidity,0.019035826747481274
Extent,0.010364052506436251
